{"a4f160a7-b78a-4ce6-83b1-c0cd730bd760:08e9a095-3f35-11ef-9573-37da5dacf3af":{"name":"IBMAS Local API Web Service Risc","type":"STREAMSETS_WEBCLIENT"},"27871085-5791-4da5-90d8-0a718a6c2d87:08e9a095-3f35-11ef-9573-37da5dacf3af":{"name":"IBMAS-S3-minio","type":"STREAMSETS_AWS_S3"},"b5d92bb0-f35e-455a-8f01-416f7dd76ced:08e9a095-3f35-11ef-9573-37da5dacf3af":{"name":"IBMAS-Postgres-Docker-History","type":"STREAMSETS_JDBC"},"a777ce11-fbe0-4c95-8218-fc92e00bb82f:08e9a095-3f35-11ef-9573-37da5dacf3af":{"name":"IBMAS Postgres-Docker","type":"STREAMSETS_JDBC"}}